{"components/page/product-page-with-recommended-below":"<div itemscope itemtype=\"http://schema.org/Product\">\n  <div id=\"recommended-products-below\">\n  {{> components/common/breadcrumbs breadcrumbs=breadcrumbs}}\n\n  {{#each product.shipping_messages}}\n      {{> components/common/alert-info message}}\n  {{/each}}\n  \n    {{> components/products/product-view schema=true}}\n\n    {{> components/products/tabs}}\n    <div class=\"clear\"></div>\n</div>\n</div>\n</div>\n","components/common/breadcrumbs":"<ul class=\"breadcrumbs\">\n    {{#each breadcrumbs}}\n        <li class=\"breadcrumb {{#if @last}}is-active{{/if}}\">\n            {{#if url}}\n                <a href=\"{{url}}\" class=\"breadcrumb-label\">{{name}}</a>\n            {{else}}\n                <span class=\"breadcrumb-label\">{{name}}</span>\n            {{/if}}\n        </li>\n    {{/each}}\n</ul>\n","components/common/alert-info":"<div class=\"alertBox alertBox--info\">\n    <div class=\"alertBox-column alertBox-icon\">\n        <icon glyph=\"ic-success\" class=\"icon\" aria-hidden=\"true\"><svg xmlns=\"http://www.w3.org/2000/svg\" width=\"24\" height=\"24\" viewBox=\"0 0 24 24\"><path d=\"M12 2C6.48 2 2 6.48 2 12s4.48 10 10 10 10-4.48 10-10S17.52 2 12 2zm1 15h-2v-2h2v2zm0-4h-2V7h2v6z\"></path></svg></icon>\n    </div>\n    <p class=\"alertBox-column alertBox-message\">\n        <span>{{{this}}}</span>\n    </p>\n</div>\n","components/products/tabs":"<div style=\"display: none;\">\n<ul class=\"tabs\" data-tab role=\"tablist\">\n    {{#if product.related_products}}\n        <li class=\"tab is-active\" role=\"presentational\">\n            <a class=\"tab-title\" href=\"#tab-related\" role=\"tab\" tabindex=\"0\" aria-selected=\"true\" controls=\"tab-related\">{{lang 'products.related_products'}}</a>\n        </li>\n    {{/if}}\n    {{#if product.similar_by_views}}\n        <li class=\"tab{{#unless product.related_products}} is-active{{/unless}}\" role=\"presentational\">\n            <a class=\"tab-title\" href=\"#tab-similar\" role=\"tab\" tabindex=\"0\" aria-selected=\"false\" controls=\"tab-similar\">{{lang 'products.similar_by_views'}}</a>\n        </li>\n    {{/if}}\n</ul>\n\n<div class=\"tabs-contents\">\n{{#if product.related_products}}\n    <div role=\"tabpanel\" aria-hidden=\"false\" class=\"tab-content has-jsContent is-active\" id=\"tab-related\">\n        {{> components/products/carousel products=product.related_products columns=6}}\n    </div>\n{{/if}}\n\n{{#if product.similar_by_views}}\n    <div role=\"tabpanel\" aria-hidden=\"true\" class=\"tab-content has-jsContent{{#unless product.related_products}} is-active{{/unless}}\" id=\"tab-similar\">\n        {{> components/products/carousel products=product.similar_by_views columns=6}}\n    </div>\n{{/if}}\n\n\n{{#if product.videos.list.length}}\n    <div role=\"tabpanel\" aria-hidden=\"true\" class=\"tab-content has-jsContent{{#unless product.related_products}} is-active{{/unless}}\" id=\"tab-similar\">\n        {{> components/products/videos product.videos}}\n    </div>\n{{/if}}\n\n\n</div>\n</div>\n","components/products/product-view":"<div class=\"productView\">\n    {{#each product.reviews.messages}}\n        {{#if error}}\n            {{>components/common/alert-error error}}\n        {{/if}}\n        {{#if success}}\n            {{>components/common/alert-success success}}\n        {{/if}}\n    {{/each}}\n\n    <!-- PRODUCT MAIN & THUMBNAILS CONTAINER -->\n    <div id=\"product-images-container\">\n      <!-- MAIN PRODUCT IMAGE CONTAINER -->\n      <div class=\"main-image-container\">\n        <div class=\"productImageSlider slider-for\">\n          {{#each product.images}}\n            <li class=\"productView-images\" data-image-gallery>\n              <figure class=\"productView-image fancy-gallery\" rel=\"productImages\" data-fancybox=\"gallery\" data-image-gallery-main\n                  href=\"{{getImage this 'zoom_size' (cdn ../theme_settings.default_image_product)}}\"\n                  data-image-gallery-new-image-url=\"{{getImage this 'zoom_size' (cdn ../theme_settings.default_image_product)}}\"\n                  data-image-gallery-zoom-image-url=\"{{getImage this 'zoom_size' (cdn ../theme_settings.default_image_product)}}\">\n                  <img src=\"{{getImage this 'zoom_size' (cdn ../theme_settings.default_image_product)}}\" alt=\"{{this.alt}}\" title=\"{{this.alt}}\">\n              </a>\n            </li>\n          {{/each}}\n          <div class=\"clear\"></div>\n        </div>\n        <div class=\"clear\"></div>\n      </div>\n      <div class=\"clear\"></div>\n\n      <!-- PRODUCT IMAGE THUMBNAIL CAROUSEL -->\n      <div class=\"slider-nav\" style=\"display: none;\">\n        {{#each product.images}}\n          <img class=\"thumbnail-images\" src=\"{{getImage this 'thumb_size' (cdn ../theme_settings.default_image_product)}}\" alt=\"{{this.alt}}\" title=\"{{this.alt}}\">\n        {{/each}}\n      </div>\n    </div>\n\n    <section class=\"productView-details\">\n     <div class=\"productView-product\">\n         <h1 class=\"productView-title\" {{#if schema}}itemprop=\"name\"{{/if}}>{{product.title}}</h1>\n\n        {{#if product.brand}}\n\n        {{/if}}\n         {{#if product.call_for_price}}\n\n            {{> components/products/modal-quote-button}}\n\n\n         {{/if}}\n         <div class=\"productView-price\">\n             {{#or customer (if theme_settings.restrict_to_login '!==' true)}}\n                 {{> components/products/price price=product.price schema_org=schema}}\n             {{else}}\n                 {{> components/common/login-for-pricing}}\n             {{/or}}\n         </div>\n         {{{region name=\"product_below_price\"}}}\n\n         <div class=\"productView-rating\" {{#if product.rating}}{{#if schema}} itemprop=\"aggregateRating\" itemscope itemtype=\"http://schema.org/AggregateRating\"{{/if}}{{/if}}>\n             {{#if settings.show_product_rating}}\n                 {{#if product.num_reviews '>' 0}}\n                  {{#if product.rating}}\n                     {{#if schema}}\n                         <meta itemprop=\"ratingValue\" content=\"{{product.rating}}\">\n                         <meta itemprop=\"ratingCount\" content=\"{{product.num_reviews}}\">\n                         <meta itemprop=\"reviewCount\" content=\"{{product.num_reviews}}\">\n                     {{/if}}\n                  {{/if}}\n                 {{/if}}\n                 {{> components/products/ratings rating=product.rating}}\n                 <span class=\"productView-reviewLink\">\n                     {{#if product.num_reviews '>' 0}}\n                         <a href=\"{{product.url}}#product-reviews\">\n                             {{lang 'products.reviews.link_to_review' total=product.num_reviews}}\n                         </a>\n                     {{else}}\n                         {{lang 'products.reviews.link_to_review' total=product.num_reviews}}\n                     {{/if}}\n                 </span>\n             {{/if}}\n             {{#if settings.show_product_reviews}}\n                 <span class=\"productView-reviewLink\">\n                     <a href=\"\">{{lang 'products.reviews.new'}}</a>\n                 </span>\n             {{/if}}\n         </div>\n         {{product.detail_messages}}\n         <dl class=\"productView-info\">\n             {{#if product.sku}}\n                 <dt class=\"productView-info-name\">{{lang 'products.sku'}}</dt>\n                 <dd class=\"productView-info-value\" data-product-sku>{{product.sku}}</dd>\n             {{/if}}\n             {{#if product.upc}}\n                 <dt class=\"productView-info-name\">{{lang 'products.upc'}}</dt>\n                 <dd class=\"productView-info-value\" data-product-upc>{{product.upc}}</dd>\n             {{/if}}\n\n             {{#if product.condition}}\n                 <dt class=\"productView-info-name\">{{lang 'products.condition'}}</dt>\n                 <dd class=\"productView-info-value\" itemprop=\"itemCondition\" itemtype=\"http://schema.org/OfferItemCondition\" content=\"{{product.condition}}\">{{product.condition}}</dd>\n             {{/if}}\n\n             {{#if product.availability}}\n                 <dt class=\"productView-info-name\">{{lang 'products.availability'}}</dt>\n                 <dd class=\"productView-info-value\">{{product.availability}}</dd>\n             {{/if}}\n             {{#all product.weight theme_settings.show_product_weight}}\n                 <dt class=\"productView-info-name\">{{lang 'products.weight'}}</dt>\n                 <dd class=\"productView-info-value\" data-product-weight>{{product.weight}}</dd>\n             {{/all}}\n             {{#all product.width product.height product.depth theme_settings.show_product_dimensions}}\n                 <dt class=\"productView-info-name\">{{lang 'products.width'}}</dt>\n                 <dd class=\"productView-info-value\" data-product-width>\n                     {{product.width}}\n                     {{#if settings.measurements.length '==' 'Centimeters'}}\n                     ({{lang 'products.measurement.metric'}})\n                     {{else}}\n                     ({{lang 'products.measurement.imperial'}})\n                     {{/if}}\n                 </dd>\n                 <dt class=\"productView-info-name\">{{lang 'products.height'}}</dt>\n                 <dd class=\"productView-info-value\" data-product-height>\n                     {{product.height}}\n                     {{#if settings.measurements.length '==' 'Centimeters'}}\n                     ({{lang 'products.measurement.metric'}})\n                     {{else}}\n                     ({{lang 'products.measurement.imperial'}})\n                     {{/if}}\n                 </dd>\n                 <dt class=\"productView-info-name\">{{lang 'products.depth'}}</dt>\n                 <dd class=\"productView-info-value\" data-product-depth>\n                     {{product.depth}}\n                     {{#if settings.measurements.length '==' 'Centimeters'}}\n                     ({{lang 'products.measurement.metric'}})\n                     {{else}}\n                     ({{lang 'products.measurement.imperial'}})\n                     {{/if}}\n                 </dd>\n             {{/all}}\n             {{#if product.min_purchase_quantity}}\n                 <dt class=\"productView-info-name\">{{lang 'products.min_purchase_quantity'}}</dt>\n                 <dd class=\"productView-info-value\">{{lang 'products.purchase_units' quantity=product.min_purchase_quantity}}</dd>\n             {{/if}}\n             {{#if product.max_purchase_quantity}}\n                 <dt class=\"productView-info-name\">{{lang 'products.max_purchase_quantity'}}</dt>\n                 <dd class=\"productView-info-value\">{{lang 'products.purchase_units' quantity=product.max_purchase_quantity}}</dd>\n             {{/if}}\n             {{#if product.gift_wrapping_available}}\n                 <dt class=\"productView-info-name\">{{lang 'products.gift_wrapping'}}</dt>\n                 <dd class=\"productView-info-value\">{{lang 'products.gift_wrapping_available'}}</dd>\n             {{/if}}\n             {{#if product.shipping}}\n                 {{#if product.shipping.calculated}}\n                     <dt class=\"productView-info-name\">{{lang 'products.shipping'}}</dt>\n                     <dd class=\"productView-info-value\">{{lang 'products.shipping_calculated'}}</dd>\n                 {{else}}\n                     {{#if product.shipping.price.value '===' 0}}\n                         <dt class=\"productView-info-name\">{{lang 'products.shipping'}}</dt>\n                         <dd class=\"productView-info-value\">{{lang 'products.shipping_free'}}</dd>\n                     {{else}}\n                         <dt class=\"productView-info-name\">{{lang 'products.shipping'}}</dt>\n                         <dd class=\"productView-info-value\">{{lang 'products.shipping_fixed' amount=product.shipping.price.formatted}}</dd>\n                     {{/if}}\n                 {{/if}}\n             {{/if}}\n             {{#if settings.bulk_discount_enabled}}\n                    <div class=\"productView-info-bulkPricing\">\n                        {{> components/products/bulk-discount-rates bulk_discount_rates=product.bulk_discount_rates}}\n                    </div>\n                {{/if}}\n\n             {{#each product.custom_fields}}\n                 <dt class=\"productView-info-name\">{{name}}:</dt>\n                 <dd class=\"productView-info-value\">{{{value}}}</dd>\n             {{/each}}\n         </dl>\n     </div>\n\n\n        <div class=\"productView-options\">\n            {{#if product.release_date }}\n                <p>{{product.release_date}}</p>\n            {{/if}}\n            <form class=\"form\" method=\"post\" action=\"{{product.cart_url}}\" enctype=\"multipart/form-data\"\n                  data-cart-item-add>\n                <input type=\"hidden\" name=\"action\" value=\"add\">\n                <input type=\"hidden\" name=\"product_id\" value=\"{{product.id}}\"/>\n                    {{#each product.customizations}}\n                        {{{dynamicComponent 'components/products/customizations'}}}\n                    {{/each}}\n                <div data-product-option-change style=\"display: none;\">\n                    {{#each product.options}}\n                        {{{dynamicComponent 'components/products/options'}}}\n                    {{/each}}\n                </div>\n                {{#if product.event_date}}\n                    {{> components/products/event-date}}\n                {{/if}}\n                <div class=\"form-field form-field--stock{{#unless product.stock_level}} u-hiddenVisually{{/unless}}\">\n                    <label class=\"form-label form-label--alternate\">\n                        {{lang 'products.current_stock'}}\n                        <span data-product-stock>{{product.stock_level}}</span>\n                    </label>\n                </div>\n                {{#if product.can_purchase}}\n                    {{> components/products/add-to-cart}}\n                {{/if}}\n                {{#if product.out_of_stock}}\n                    {{#if product.out_of_stock_message}}\n                        {{> components/common/alert-error product.out_of_stock_message}}\n                    {{else}}\n                        {{> components/common/alert-error (lang 'products.sold_out')}}\n                    {{/if}}\n                {{/if}}\n            </form>\n            {{#if settings.show_wishlist}}\n                <form class=\"form wishlist\" method=\"post\" action=\"{{product.add_to_wishlist_url}}\" data-wishlist-add>\n                    <div class=\"form-action wishlist\">\n                        <span class=\"custom-checkbox-text\">{{lang 'account.wishlists.heading'}}</span>\n                        <input type=\"hidden\" name=\"variation_id\" value=\"\">\n                        <input class=\"button\" type=\"submit\" value=\"{{lang 'account.wishlists.add_item'}}\">\n                    </div>\n                </form>\n            {{/if}}\n        </div>\n        {{>components/common/share}}\n        {{{snippet 'product_details'}}}\n    </section>\n\n    <!-- TABS   -->\n    <article class=\"productView-description\"{{#if schema}} itemprop=\"description\"{{/if}}>\n        <ul class=\"tabs\" data-tab>\n            <li class=\"tab overview is-active\">\n                <a class=\"tab-title\" href=\"#tab-description\">Overview</a>\n            </li>\n            {{#if product.warranty}}\n                <li class=\"tab warranty\">\n                    <a class=\"tab-title\" href=\"#tab-warranty\">Other Details</a>\n                </li>\n            {{/if}}\n            {{#if product.videos}}\n                <li class=\"tab videos\">\n                    <a class=\"tab-title\" href=\"#tab-videos\">Product Videos</a>\n                </li>\n            {{/if}}\n            <!-- {{#if product.custom_fields}}\n                <li class=\"tab customFieldOne\">\n                    <a class=\"tab-title custom-visibility\" href=\"#tab-customField1\">Custom Field #1</a>\n                </li>\n                <li class=\"tab customFieldTwo\">\n                    <a class=\"tab-title custom-visibility\" href=\"#tab-customField2\">Custom Field #2</a>\n                </li>\n            {{/if}} -->\n            {{#if settings.show_product_rating}}\n                <li class=\"tab reviews\">\n                    <a class=\"tab-title\" href=\"#tab-reviews\">Reviews</a>\n                </li>\n            {{/if}}\n                <!-- <li class=\"tab\">\n                    <a class=\"tab-title\" href=\"#tab-similarProducts\">Similar Products</a>\n                </li> -->\n        </ul>\n\n        <!-- TAB CONTENTS -->\n        <div class=\"tabs-contents\">\n            <div class=\"tab-content overview is-active\" id=\"tab-description\">\n                <h3 class=\"tab-content-title\">Product Description</h3>\n                {{{product.description}}}\n                {{{snippet 'product_description'}}}\n            </div>\n           {{#if product.warranty}}\n                <div class=\"tab-content warranty\" id=\"tab-warranty\">\n                    <h3 class=\"tab-content-title\">Other Details</h3>\n                   {{{product.warranty}}}\n                </div>\n            {{/if}}\n                <div class=\"tab-content videos\" id=\"tab-videos\">\n                    <h3 class=\"tab-content-title\">Product Videos</h3>\n                   {{#if product.videos.list.length}}\n                        {{> components/products/videos product.videos}}\n            {{/if}}\n               </div>\n               <div class=\"tab-content custom-visiblity custom-fieldTab1\" id=\"tab-customField1\">\n                    <h3 class=\"tab-content-title\">Custom Field</h3>\n                    {{#each product.custom_fields}}\n                        <div class=\"custom-field-container\"><span class=\"custom-name\">{{name}}</span> <span class=\"custom-value\">{{{value}}}</span></div>\n                    {{/each}}\n               </div>\n               <div class=\"tab-content reviews\" id=\"tab-reviews\">\n                <h3 class=\"tab-content-title\">Product Reviews</h3>\n               <div class=\"productView-rating\">\n                {{#if settings.show_product_rating}}\n                    {{#if product.num_reviews '>' 0}}\n                      {{#if product.rating}}\n                        {{#if schema}}\n                            <meta itemprop=\"\" content=\"{{product.rating}}\">\n                            <meta itemprop=\"\" content=\"{{product.num_reviews}}\">\n                            <meta itemprop=\"\" content=\"{{product.num_reviews}}\">\n                        {{/if}}\n                      {{/if}}\n                    {{/if}}\n                    {{> components/products/ratings rating=product.rating}}\n                    <span class=\"productView-reviewLink\">\n                        {{#if product.num_reviews '>' 0}}\n                            <a href=\"{{product.url}}#product-reviews\">\n                                {{lang 'products.reviews.link_to_review' total=product.num_reviews}}\n                            </a>\n                        {{else}}\n                            {{lang 'products.reviews.link_to_review' total=product.num_reviews}}\n                        {{/if}}\n                    </span>\n                {{/if}}\n                {{#if settings.show_product_reviews}}\n                    <span class=\"productView-reviewLink\">\n                        <a href=\"{{product.url}}{{#if is_ajax}}#write_review{{/if}}\"\n                           {{#unless is_ajax }}data-reveal-id=\"modal-review-form\"{{/unless}}>\n                           {{lang 'products.reviews.new'}}\n                        </a>\n                    </span>\n                    {{> components/products/modals/writeReview}}\n                {{/if}}\n                </div>\n                    {{#if settings.show_product_reviews}}\n                        {{> components/products/reviews reviews=product.reviews product=product urls=urls}}\n                    {{/if}}\n               </div>\n               <!-- <div class=\"tab-content\" id=\"tab-similarProducts\">\n                    <h3 class=\"tab-content-title\">Find Similar Products by Category</h3>\n                    <div class=\"similar-products-link\"><a href=\"\"></a></div>\n               </div> -->\n        </div>\n      </div>\n      <div class=\"additional-products\">\n        <div class=\"similar-products-by-views with-sidenav\">\n            {{#if product.similar_by_views}}\n                <h2 class=\"container-header\">You May Also Like...</h2>\n                    {{> components/products/carousel products=product.similar_by_views columns=4}}\n            {{/if}}\n             <div class=\"clear\"></div>\n        </div>\n        <div class=\"clear\"></div>\n\n             {{#if product.related_products}}\n               <div class=\"sidebar right with-sidenav recommended\">\n                  <h2 class=\"container-header\">Recommended</h2>\n                  {{> components/products/carousel products=product.related_products columns=4}}\n                </div>\n              {{/if}}\n      </div>\n    </article>\n</div>\n\n<div id=\"previewModal\" class=\"modal modal--large\" data-reveal>\n    <a href=\"#\" class=\"modal-close\" aria-label=\"{{lang 'common.close'}}\" role=\"button\">\n        <span aria-hidden=\"true\">&#215;</span>\n    </a>\n    <div class=\"modal-content\"></div>\n    <div class=\"loadingOverlay\"></div>\n</div>\n\n\n{{#if product.call_for_price}}\n\n{{> components/products/modals/modal-quote-form}}\n\n\n{{/if}}\n","components/products/carousel":"<section class=\"productCarousel\"\n    data-slick='{\n        \"dots\": true,\n        \"infinite\": false,\n        \"mobileFirst\": true,\n        \"slidesToShow\": 2,\n        \"slidesToScroll\": 2,\n        \"responsive\": [\n            {\n                \"breakpoint\": 1260,\n                \"settings\": {\n                    \"slidesToScroll\": 3,\n                    \"slidesToShow\": {{ columns }}\n                }\n            },\n            {\n                \"breakpoint\": 800,\n                \"settings\": {\n                    \"slidesToScroll\": 3,\n                    \"slidesToShow\": 5\n                }\n            },\n            {\n                \"breakpoint\": 550,\n                \"settings\": {\n                    \"slidesToScroll\": 3,\n                    \"slidesToShow\": 3\n                }\n            }\n        ]\n    }'\n>\n    {{#each products}}\n    <div class=\"productCarousel-slide\">\n        {{>components/products/card show_compare=../show_compare show_rating=../settings.show_product_rating theme_settings=../theme_settings customer=../customer}}\n    </div>\n    {{/each}}\n</section>\n","components/products/videos":"<section class=\"toggle videoGallery\" data-video-gallery>\n    <h4 class=\"toggle-title\">\n        {{lang 'products.videos.header'}}\n        <a href=\"#videoGallery-content\" class=\"toggleLink is-open\" data-collapsible>\n            <span class=\"toggleLink-text toggleLink-text--on\">\n                {{lang 'products.videos.hide'}}\n            </span>\n            <span class=\"toggleLink-text toggleLink-text--off\">\n                {{lang 'products.videos.show'}}\n            </span>\n        </a>\n    </h4>\n\n    <div class=\"toggle-content is-open\" id=\"videoGallery-content\">\n        <div class=\"videoGallery-main\">\n            <iframe\n                id=\"player\"\n                type=\"text/html\"\n                width=\"640\"\n                height=\"390\"\n                frameborder=\"0\"\n                webkitAllowFullScreen\n                mozallowfullscreen\n                allowFullScreen\n                src=\"//www.youtube.com/embed/{{this.featured.id}}\"\n                data-video-player>\n            </iframe>\n        </div>\n        <ul class=\"videoGallery-list\">\n        {{#each this.list}}\n            <li class=\"videoGallery-item\">\n                <a href=\"#\" class=\"video {{#if @first}}is-active{{/if}}\" data-video-item data-video-id=\"{{id}}\">\n                    <div class=\"video-figure\">\n                        <img class=\"lazyload\" data-sizes=\"auto\" src=\"{{cdn 'img/loading.svg'}}\" data-src=\"//i.ytimg.com/vi/{{id}}/default.jpg\"/>\n                    </div>\n                    <div class=\"video-body\">\n                        <h5 class=\"video-title\">{{title_long}}</h5>\n                        <p class=\"video-description\">{{description_short}}</p>\n                    </div>\n                </a>\n            </li>\n        {{/each}}\n        </ul>\n    </div>\n\n</section>\n","components/common/alert-error":"<div class=\"alertBox alertBox--error\">\n    <div class=\"alertBox-column alertBox-icon\">\n        <icon glyph=\"ic-error\" class=\"icon\" aria-hidden=\"true\"><svg xmlns=\"http://www.w3.org/2000/svg\" width=\"24\" height=\"24\" viewBox=\"0 0 24 24\"><path d=\"M12 2C6.48 2 2 6.48 2 12s4.48 10 10 10 10-4.48 10-10S17.52 2 12 2zm1 15h-2v-2h2v2zm0-4h-2V7h2v6z\"></path></svg></icon>\n    </div>\n    <p class=\"alertBox-column alertBox-message\">\n        <span>{{{this}}}</span>\n    </p>\n</div>\n","components/common/alert-success":"<div class=\"alertBox alertBox--success\">\n    <div class=\"alertBox-column alertBox-icon\">\n        <icon glyph=\"ic-success\" class=\"icon\" aria-hidden=\"true\"><svg xmlns=\"http://www.w3.org/2000/svg\" width=\"24\" height=\"24\" viewBox=\"0 0 24 24\"><path d=\"M12 2C6.48 2 2 6.48 2 12s4.48 10 10 10 10-4.48 10-10S17.52 2 12 2zm1 15h-2v-2h2v2zm0-4h-2V7h2v6z\"></path></svg></icon>\n    </div>\n    <p class=\"alertBox-column alertBox-message\">\n        <span>{{{this}}}</span>\n    </p>\n</div>\n","components/products/modal-quote-button":"<button id=\"specialId\" class=\"button button--primary\" data-reveal-id=\"modal-quote-form\">Get A Quote</button>\r\n\r\n","components/products/price":"{{#or has_options product.options.length}}\n    {{#if price.with_tax}}\n        <div class=\"price-section price-section--withTax\" {{#if schema_org}}itemprop=\"offers\" itemscope itemtype=\"http://schema.org/Offer\"{{/if}}>\n            {{#if price.rrp_with_tax}}\n                <span data-product-rrp-with-tax class=\"price price--rrp\">{{price.rrp_with_tax.formatted}}</span>\n            {{/if}}\n            {{#if page_type '!==' 'product'}}\n                {{#if theme_settings.price_as_low_as}}\n                    <span translate>As low as </span>\n                {{/if}}\n            {{/if}}\n            <span data-product-price-with-tax class=\"price\">{{price.with_tax.formatted}}</span>\n            {{#if price.without_tax}}\n                {{lang 'products.price_with_tax' tax_label=price.tax_label}}\n            {{/if}}\n        </div>\n    {{/if}}\n    {{#if price.without_tax}}\n        <div class=\"price-section price-section--withoutTax {{#if price.with_tax}}price-section--minor{{/if}}\"  {{#if schema_org}}itemprop=\"offers\" itemscope itemtype=\"http://schema.org/Offer\"{{/if}}>\n            {{#if price.rrp_without_tax}}\n                <span data-product-rrp-without-tax class=\"price price--rrp\">{{price.rrp_without_tax.formatted}}</span>\n            {{/if}}\n            {{#if schema_org}}\n                <meta itemprop=\"price\" content=\"{{price.without_tax.value}}\">\n                <meta itemprop=\"priceCurrency\" content=\"{{currency_selector.active_currency_code}}\">\n                <meta itemprop=\"availability\" content=\"{{product.availability}}\">\n                <meta itemprop=\"itemCondition\" itemtype=\"http://schema.org/OfferItemCondition\" content=\"http://schema.org/{{product.condition}}Condition\">\n            {{/if}}\n            {{#if page_type '!==' 'product'}}\n                {{#if theme_settings.price_as_low_as}}\n                    <span translate>As low as </span>\n                {{/if}}\n            {{/if}}\n            <span data-product-price-without-tax class=\"price price--withoutTax\">{{price.without_tax.formatted}}</span>\n            {{#if price.with_tax}}\n                <abbr title=\"{{lang 'products.excluding_tax'}}\">{{lang 'products.price_without_tax' tax_label=price.tax_label}}</abbr>\n            {{/if}}\n        </div>\n    {{/if}}\n    {{#if page_type '===' 'product'}}\n        {{#if price.saved}}\n            <div class=\"price-section price-section--saving\">\n                <span class=\"price\">\n                    {{lang 'products.you_save' amount=price.saved.formatted}}\n                </span>\n            </div>\n        {{/if}}\n    {{/if}}\n{{else}}\n    {{#if price.with_tax}}\n        <div class=\"price-section price-section--withTax\" {{#if schema_org}}itemprop=\"offers\" itemscope itemtype=\"http://schema.org/Offer\"{{/if}}>\n            {{#if price.rrp_with_tax}}\n                <span data-product-rrp-with-tax class=\"price price--rrp\">{{price.rrp_with_tax.formatted}}</span>\n            {{/if}}\n            <span data-product-price-with-tax class=\"price\">{{price.with_tax.formatted}}</span>\n            {{#if price.without_tax}}\n                {{lang 'products.price_with_tax' tax_label=price.tax_label}}\n            {{/if}}\n        </div>\n    {{/if}}\n    {{#if price.without_tax}}\n        <div class=\"price-section price-section--withoutTax {{#if price.with_tax}}price-section--minor{{/if}}\"  {{#if schema_org}}itemprop=\"offers\" itemscope itemtype=\"http://schema.org/Offer\"{{/if}}>\n            {{#if price.rrp_without_tax}}\n                <span data-product-rrp-without-tax class=\"price price--rrp\">{{price.rrp_without_tax.formatted}}</span>\n            {{/if}}\n            {{#if schema_org}}\n                <meta itemprop=\"price\" content=\"{{price.without_tax.value}}\">\n                <meta itemprop=\"priceCurrency\" content=\"{{currency_selector.active_currency_code}}\">\n            {{/if}}\n            <span data-product-price-without-tax class=\"price price--withoutTax\">{{price.without_tax.formatted}}</span>\n            {{#if price.with_tax}}\n                <abbr title=\"{{lang 'products.excluding_tax'}}\">{{lang 'products.price_without_tax' tax_label=price.tax_label}}</abbr>\n            {{/if}}\n        </div>\n    {{/if}}\n    {{#if page_type '===' 'product'}}\n        {{#if price.saved}}\n            <div class=\"price-section price-section--saving\">\n                <span class=\"price\">\n                    {{lang 'products.you_save' amount=price.saved.formatted}}\n                </span>\n            </div>\n        {{/if}}\n    {{/if}}\n{{/or}}\n","components/common/login-for-pricing":"<p translate>Log in for pricing</p>\n","components/products/ratings":"{{#for 1 5}}\n    {{#if ../this.rating '>=' $index}}\n        <span class=\"icon icon--ratingFull\">\n            <svg>\n                <use xlink:href=\"#icon-star\" />\n            </svg>\n        </span>\n    {{else}}\n\n    {{/if}}\n{{/for}}\n{{{snippet 'product_rating'}}}\n","components/products/bulk-discount-rates":"{{#if bulk_discount_rates.length}}\n    <dt class=\"productView-info-name\">{{lang 'products.bulk_pricing.title'}}</dt>\n    <dd class=\"productView-info-value\">\n        <a href=\"{{url}}\" data-reveal-id=\"bulkPricingModal-{{id}}-{{$index}}\">\n            {{lang 'products.bulk_pricing.view'}}\n        </a>\n    </dd>\n    <div id=\"bulkPricingModal-{{id}}-{{$index}}\" class=\"modal modal--small\" data-reveal>\n        <div class=\"modal-header\">\n            <h2 class=\"modal-header-title\">{{lang 'products.bulk_pricing.modal_title'}}</h2>\n            <a href=\"#\" class=\"modal-close\" aria-label=\"Close\"><span aria-hidden=\"true\">&#215;</span></a>\n        </div>\n        <div class=\"modal-body\">\n            <p>{{lang 'products.bulk_pricing.instructions'}}</p>\n            <ul>\n            {{#each bulk_discount_rates}}\n                <li>\n                    {{lang 'products.bulk_pricing.range' min=min max=max}}\n                    {{#if type '===' 'percent'}}\n                        {{lang 'products.bulk_pricing.percent' discount=discount.formatted}}\n                    {{/if}}\n                    {{#if type '===' 'fixed'}}\n                        {{lang 'products.bulk_pricing.fixed' discount=discount.formatted}}\n                    {{/if}}\n                    {{#if type '===' 'price'}}\n                        {{lang 'products.bulk_pricing.price' discount=discount.formatted}}\n                    {{/if}}\n                </li>\n            {{/each}}\n            </ul>\n        </div>\n    </div>\n{{/if}}\n","components/products/event-date":"<div class=\"form-field\">\n    <label class=\"form-label form-label--alternate form-label--inlineSmall\">\n    {{product.event_date.name}}:\n    <small>{{lang 'common.required'}}</small>\n    </label>\n    <select class=\"form-select form-select--date\" name=\"EventDate[Mth]\" required>\n        <option value=\"\">{{lang 'common.month'}}</option>\n        {{#enumerate 1 12}}\n            <option value=\"{{this}}\">{{getShortMonth this}}</option>\n        {{/enumerate}}\n    </select>\n    <select class=\"form-select form-select--date\" name=\"EventDate[Day]\" required>\n        <option value=\"\">{{lang 'common.day'}}</option>\n        {{#enumerate 1 31}}\n            <option value=\"{{this}}\">{{this}}</option>\n        {{/enumerate}}\n    </select>\n    <select class=\"form-select form-select--date\" name=\"EventDate[Yr]\" required>\n        <option value=\"\">{{lang 'common.year'}}</option>\n        {{#enumerate product.event_date.earliest_year product.event_date.latest_year}}\n            <option value=\"{{this}}\" >{{this}}</option>\n        {{/enumerate}}\n    </select>\n</div>\n","components/products/add-to-cart":"<div class=\"form-field form-field--increments\">\n    <label class=\"form-label form-label--alternate\"\n           for=\"qty[]\">{{lang 'products.quantity'}}</label>\n\n    <div class=\"form-increment\" data-quantity-change>\n        <button class=\"button button--icon\" data-action=\"dec\">\n            <span class=\"is-srOnly\">{{lang 'products.quantity_decrease'}}</span>\n            <i class=\"icon\" aria-hidden=\"true\">\n                <svg>\n                    <use xlink:href=\"#icon-keyboard-arrow-down\"/>\n                </svg>\n            </i>\n        </button>\n        <input class=\"form-input form-input--incrementTotal\"\n               id=\"qty[]\"\n               name=\"qty[]\"\n               type=\"tel\"\n               value=\"{{#if product.min_purchase_quantity}}{{product.min_purchase_quantity}}{{else}}1{{/if}}\"\n               data-quantity-min=\"{{product.min_purchase_quantity}}\"\n               data-quantity-max=\"{{product.max_purchase_quantity}}\"\n               min=\"1\"\n               pattern=\"[0-9]*\"\n               aria-live=\"polite\">\n        <button class=\"button button--icon\" data-action=\"inc\">\n            <span class=\"is-srOnly\">{{lang 'products.quantity_increase'}}</span>\n            <i class=\"icon\" aria-hidden=\"true\">\n                <svg>\n                    <use xlink:href=\"#icon-keyboard-arrow-up\"/>\n                </svg>\n            </i>\n        </button>\n    </div>\n</div>\n\n<div class=\"alertBox productAttributes-message\" style=\"display:none\">\n    <div class=\"alertBox-column alertBox-icon\">\n        <icon glyph=\"ic-success\" class=\"icon\" aria-hidden=\"true\"><svg xmlns=\"http://www.w3.org/2000/svg\" width=\"24\" height=\"24\" viewBox=\"0 0 24 24\"><path d=\"M12 2C6.48 2 2 6.48 2 12s4.48 10 10 10 10-4.48 10-10S17.52 2 12 2zm1 15h-2v-2h2v2zm0-4h-2V7h2v6z\"></path></svg></icon>\n    </div>\n    <p class=\"alertBox-column alertBox-message\"></p>\n</div>\n{{#or customer (if theme_settings.restrict_to_login '!==' true)}}\n    <div class=\"form-action\">\n        <input id=\"form-action-addToCart\" data-wait-message=\"{{lang 'products.adding_to_cart'}}\" class=\"button button--primary\" type=\"submit\"\n            value=\"{{#if product.pre_order}}{{lang 'products.pre_order'}}{{else}}{{lang 'products.add_to_cart'}}{{/if}}\">\n    </div>\n     {{{snippet 'product_addtocart'}}}\n{{/or}}\n","components/common/share":"{{#if settings.add_this.buttons}}\n    <div class=\"addthis_toolbox addthis_32x32_style\" addthis:url=\"{{url}}\"\n         addthis:title=\"{{title}}\">\n         <p class=\"share-title\">Share This Article</p>\n        <ul class=\"socialLinks\">\n            {{#each settings.add_this.buttons}}\n                <li class=\"socialLinks-item socialLinks-item--{{service}}\">\n                    <a class=\"addthis_button_{{service}} icon icon--{{service}}\" {{{annotation}}}>\n                        {{#if service '===' 'google_plusone'}}\n                            <svg>\n                                <use xlink:href=\"#icon-gplus-one\"/>\n                            </svg>\n                        {{/if}}\n\n                        {{#if service '===' 'facebook'}}\n                            <svg>\n                                <use xlink:href=\"#icon-facebook\"/>\n                            </svg>\n                        {{/if}}\n\n                        {{#if service '===' 'email'}}\n                            <svg>\n                                <use xlink:href=\"#icon-envelope\"/>\n                            </svg>\n                        {{/if}}\n\n                        {{#if service '===' 'print'}}\n                            <svg>\n                                <use xlink:href=\"#icon-print\"/>\n                            </svg>\n                        {{/if}}\n\n                        {{#if service '===' 'twitter'}}\n                            <svg>\n                                <use xlink:href=\"#icon-twitter\"/>\n                            </svg>\n                        {{/if}}\n\n                        {{#if service '===' 'linkedin'}}\n                            <svg>\n                                <use xlink:href=\"#icon-linkedin\"/>\n                            </svg>\n                        {{/if}}\n\n                        {{#if service '===' 'google'}}\n                            <svg>\n                                <use xlink:href=\"#icon-google\"/>\n                            </svg>\n                        {{/if}}\n\n                        {{#if service '===' 'pinterest'}}\n                            <svg>\n                                <use xlink:href=\"#icon-pinterest\"/>\n                            </svg>\n                        {{/if}}\n\n                        {{#if service '===' 'facebook_like'}}\n                            <svg>\n                                <use xlink:href=\"#icon-facebook_like\"/>\n                            </svg>\n                        {{/if}}\n                    </a>\n                </li>\n            {{/each}}\n        </ul>\n        <script type=\"text/javascript\"\n                src=\"//s7.addthis.com/js/300/addthis_widget.js#pubid=ra-4e94ed470ee51e32\"></script>\n        <script>\n            if (typeof(addthis) === \"object\") {\n                addthis.toolbox('.addthis_toolbox');\n            }\n        </script>\n    </div>\n{{/if}}\n","components/products/modals/writeReview":"<div id=\"modal-review-form\" class=\"modal\" data-reveal>\n    {{inject 'reviewRating' (lang 'forms.validate.reviews.rating')}}\n    {{inject 'reviewSubject' (lang 'forms.validate.reviews.title')}}\n    {{inject 'reviewComment' (lang 'forms.validate.reviews.comment')}}\n    {{inject 'reviewEmail' (lang 'forms.validate.common.email_address')}}\n    <div class=\"modal-header\">\n        <h2 class=\"modal-header-title\">{{lang 'products.reviews.write_a_review'}}</h2>\n        <a href=\"#\" class=\"modal-close\" aria-label=\"{{lang 'common.close'}}\" role=\"button\">\n            <span aria-hidden=\"true\">&#215;</span>\n        </a>\n    </div>\n    <div class=\"modal-body\">\n        <div class=\"writeReview-productDetails\">\n            <img src=\"{{getImage product.main_image 'product_size' (cdn theme_settings.default_image_product)}}\">\n            <h6 class=\"product-brand\">{{ product.brand.name }}</h6>\n            <h5 class=\"product-title\">{{ product.title }}</h5>\n        </div>\n        <form class=\"form writeReview-form\" action=\"{{ urls.product.post_review }}\" method=\"post\">\n            <fieldset class=\"form-fieldset\">\n                <div class=\"form-field\">\n                    <label class=\"form-label\" for=\"rating-rate\">{{lang 'products.reviews.rating_label'}}\n                        <small>{{lang 'common.required' }}</small>\n                    </label>\n                    <!-- Stars -->\n                    <!-- TODO: Review Stars need to be componentised, both for display and input -->\n                    <select id=\"rating-rate\" class=\"form-select\" name=\"revrating\">\n                        <option value=\"\">{{lang 'products.reviews.select_rating'}}</option>\n                        {{#for 1 5}}\n                            {{#if ../product.reviews.selected_rating '===' $index}}\n                                <option selected value=\"{{$index}}\">{{lang (concat 'products.reviews.rating.' $index) }}</option>\n                            {{else}}\n                                <option value=\"{{$index}}\">{{lang (concat 'products.reviews.rating.' $index) }}</option>\n                            {{/if}}\n                        {{/for}}\n                    </select>\n                </div>\n\n                <!-- Name -->\n                {{#if product.reviews.author}}\n                    {{> components/common/forms/text name=\"revfromname\" label=(lang 'products.reviews.form_write.name') value=product.reviews.author}}\n                {{else}}\n                    {{> components/common/forms/text name=\"revfromname\" label=(lang 'products.reviews.form_write.name') value=customer.name}}\n                {{/if}}\n\n                {{#if product.reviews.show_review_email}}\n                    <!-- Email -->\n                    {{#if product.reviews.email}}\n                        {{> components/common/forms/text name=\"email\" required=\"false\" label=(lang 'products.reviews.form_write.email') value=product.reviews.email}}\n                    {{else}}\n                        {{> components/common/forms/text name=\"email\" required=\"false\" label=(lang 'products.reviews.form_write.email') value=customer.email}}\n                    {{/if}}\n                {{/if}}\n\n                <!-- Review Subject -->\n                {{> components/common/forms/text name=\"revtitle\" required=\"true\" label=(lang 'products.reviews.form_write.subject') value=product.reviews.title}}\n\n                <!-- Comments -->\n                {{> components/common/forms/multiline name=\"revtext\" required=\"true\" label=(lang 'products.reviews.form_write.comments') value=product.reviews.text}}\n\n                {{{product.reviews.recaptcha.markup}}}\n\n                <div class=\"form-field\">\n                    <input type=\"submit\" class=\"button button--primary\"\n                           value=\"{{lang 'products.reviews.form_write.submit_value' }}\">\n                </div>\n                <input type=\"hidden\" name=\"product_id\" value=\"{{ product.id }}\">\n                <input type=\"hidden\" name=\"action\" value=\"post_review\">\n                {{#if product.reviews.throttleToken}}<input type=\"hidden\" name=\"throttleToken\" value=\"{{product.reviews.throttleToken}}\">{{/if}}\n            </fieldset>\n        </form>\n    </div>\n</div>\n","components/products/reviews":"{{#if reviews.total}}\n<section class=\"toggle productReviews\" id=\"product-reviews\" data-product-reviews>\n    <h4 class=\"toggle-title\">\n        {{lang 'products.reviews.header' total=reviews.total}}\n        <a class=\"toggleLink is-open\" data-collapsible href=\"#productReviews-content\">\n            <span class=\"toggleLink-text toggleLink-text--on\">\n                {{lang 'products.reviews.hide'}}\n            </span>\n            <span class=\"toggleLink-text toggleLink-text--off\">\n                {{lang 'products.reviews.show'}}\n            </span>\n        </a>\n    </h4>\n    <div class=\"toggle-content is-open\" id=\"productReviews-content\" aria-hidden=\"false\">\n        <ul class=\"productReviews-list\" id=\"productReviews-list\">\n            {{#each reviews.list}}\n            <li class=\"productReview\">\n                <article itemprop=\"review\" itemscope itemtype=\"http://schema.org/Review\">\n                    <header>\n                        <span class=\"productReview-rating rating--small\" itemprop=\"reviewRating\" itemscope itemtype=\"http://schema.org/Rating\">\n                            {{> components/products/ratings rating=rating}}\n                            <span class=\"productReview-ratingNumber\" itemprop=\"ratingValue\">{{ rating }}</span>\n                        </span>\n                        <h5 itemprop=\"name\" class=\"productReview-title\">{{ title }}</h5>\n                        {{#if name}}\n                            <meta itemprop=\"author\" content=\"{{name}}\">\n                            <p class=\"productReview-author\">\n                                {{lang 'products.reviews.post_on_by' date=date name=name }}\n                            </p>\n                        {{else}}\n                            <p class=\"productReview-author\">\n                                {{lang 'products.reviews.post_on_by' date=date name=(lang 'products.reviews.anonymous_poster')}}\n                            </p>\n                        {{/if}}\n                    </header>\n                    <p itemprop=\"reviewBody\" class=\"productReview-body\">{{nl2br text}}</p>\n                </article>\n            </li>\n            {{/each}}\n        </ul>\n        {{> components/common/paginator pagination.reviews}}\n    </div>\n</section>\n{{/if}}\n{{{snippet 'reviews'}}}\n","components/products/modals/modal-quote-form":"<div class=\"ogClosed\">\r\n\r\n\r\n  <div id=\"modal-quote-form\" class=\"center-modal\" data-reveal>\r\n  \r\n    <div class=\"modal-header\">\r\n        <h2 class=\"modal-header-title\">Submit A Quote</h2>\r\n        <a href=\"#\" class=\"modal-close\" aria-label=\"{{lang 'common.close'}}\" role=\"button\">\r\n            <span aria-hidden=\"true\">&#215;</span>\r\n        </a>\r\n    </div>\r\n    <div class=\"modal-body\">\r\n        <div class=\"writeReview-productDetails\">\r\n            <img src=\"{{getImage product.main_image 'product_size' (cdn theme_settings.default_image_product)}}\">\r\n            <h6 class=\"product-brand\">{{ product.brand.name }}</h6>\r\n            <h5 class=\"product-title\">{{ product.title }}</h5>\r\n        </div>\r\n        <form id=\"contactForm\">\r\n          <p>\r\n            <label>Name</label>\r\n            <input class=\"name1\" type=\"text\" name=\"name\" id=\"name\" required>\r\n          </p>\r\n          <p>\r\n            <label>Company</label>\r\n            <input class=\"company1\" type=\"text\" name=\"company\" id=\"company\">\r\n          </p>\r\n          <p>\r\n            <label>Email Address</label>\r\n            <input class=\"email-address-1\" type=\"email\" name=\"email\" id=\"email\" required>\r\n          </p>\r\n          <p>\r\n            <label>Phone Number</label>\r\n            <input class=\"phone-number-1\" type=\"text\" name=\"phone\" id=\"phone\">\r\n          </p>\r\n          <p class=\"full\">\r\n            <label>Message</label>\r\n            <textarea class=\"message-1\" name=\"message\" rows=\"5\" id=\"message\"></textarea>\r\n          </p>\r\n          <p class=\"full\">\r\n            <button id=\"firebase-submit\" type=\"submit\">Submit</button>\r\n          </p>\r\n        </form>\r\n  \r\n        <script src=\"https://www.gstatic.com/firebasejs/4.3.0/firebase.js\"></script>\r\n        <script src=\"product.js\"></script>\r\n     </div>\r\n  </div>\r\n  </div>\r\n  \r\n  \r\n  \n","components/products/customizations/checkbox":"<div class=\"form-field\">\n    <input class=\"form-checkbox\" type=\"checkbox\" id=\"customization_{{this.id}}_{{../id}}\" {{#if required}}required {{/if}}name=\"ProductFields[{{this.id}}]\" {{#if value}}checked{{/if}}>\n    <label class=\"form-label form-label--alternate form-label--inlineSmall\" for=\"customization_{{this.id}}_{{../id}}\">\n        {{ this.display_name }}\n        {{#if required}}\n            <small>{{lang 'common.required'}}</small>\n        {{/if}}\n    </label>\n</div>\n","components/products/customizations/file":"<div class=\"form-field\">\n    <label class=\"form-label form-label--alternate form-label--inlineSmall\" for=\"customization_{{this.id}}_{{../id}}\">\n        {{ this.display_name }}:\n        {{#if required}}\n            <small>{{lang 'common.required'}}</small>\n        {{/if}}\n    </label>\n    <input class=\"form-file\" type=\"file\" id=\"customization_{{this.id}}_{{../id}}\" {{#if required}}required {{/if}}name=\"ProductFields[{{this.id}}]\">\n    {{#if original_name}}\n        {{{lang 'products.file_option_set' url=file_url name=original_name}}}\n    {{/if}}\n    <p class=\"form-fileDescription\">{{#if file_size}}{{lang 'products.max_filesize'}} <strong>{{file_size}}</strong>, {{/if}}{{#if file_types}}{{lang 'products.filetypes'}} <strong>{{file_types}}</strong>{{/if}}</p>\n</div>\n","components/products/customizations/select":"<div class=\"form-field\">\n    <label class=\"form-label form-label--alternate form-label--inlineSmall\" for=\"customization_{{id}}_{{../id}}\">\n        {{ display_name }}:\n        {{#if required}}\n            <small>{{lang 'common.required'}}</small>\n        {{/if}}\n    </label>\n    <select class=\"form-select form-select--small\" name=\"ProductFields[{{id}}]\" id=\"customization_{{id}}_{{../id}}\"{{#if required}} required{{/if}}>\n        <option value=\"\">{{lang 'products.choose_an_option'}}</option>\n        {{#each values}}\n            <option value=\"{{this}}\" {{#if ../value '===' this}}selected{{/if}}>{{this}}</option>\n        {{/each}}\n    </select>\n</div>\n","components/products/customizations/text":"<div class=\"form-field\">\n    <label class=\"form-label form-label--alternate form-label--inlineSmall\" for=\"customization_{{id}}_{{../id}}\">\n        {{ display_name }}:\n        {{#if required}}\n            <small>{{lang 'common.required'}}</small>\n        {{/if}}\n    </label>\n    <input class=\"form-input form-input--small\" type=\"text\" id=\"customization_{{id}}_{{../id}}\" {{#if required}}required {{/if}}name=\"ProductFields[{{id}}]\" value=\"{{value}}\">\n</div>\n","components/products/customizations/textarea":"<div class=\"form-field\">\n    <label class=\"form-label form-label--alternate form-label--inlineSmall\" for=\"customization_{{id}}_{{../id}}\">\n        {{display_name}}:\n        {{#if required}}\n            <small>{{lang 'common.required'}}</small>\n        {{/if}}\n    </label>\n    <textarea class=\"form-input\" id=\"customization_{{id}}_{{../id}}\" {{#if required}}required {{/if}}name=\"ProductFields[{{id}}]\">{{value}}</textarea>\n</div>\n","components/products/options/date":"<div class=\"form-field\" data-product-attribute=\"date\">\n    <label class=\"form-label form-label--alternate form-label--inlineSmall\" {{#if style}}style=\"{{style}}\" {{/if}}>\n        {{#if required}}\n            <small>{{lang 'common.required'}}</small>\n        {{/if}}\n        {{ this.display_name }}:\n    </label>\n    <select class=\"form-select form-select--date\" name=\"attribute[{{this.id}}][month]\" {{#if required}}required{{/if}}>\n        <option value=\"\">{{lang 'common.month'}}</option>\n        {{#for 1 12}}\n            <option value=\"{{$index}}\" {{#if ../selected_date.month '==' $index}}selected=\"selected\"{{/if}}>\n                {{lang (concat 'common.short_months.' $index)}}\n            </option>\n        {{/for}}\n    </select>\n    <select class=\"form-select form-select--date\" name=\"attribute[{{this.id}}][day]\" {{#if required}}required{{/if}}>\n        <option value=\"\">{{lang 'common.day'}}</option>\n        {{#for 1 31}}\n            <option value=\"{{$index}}\" {{#if ../selected_date.day '==' $index}}selected=\"selected\"{{/if}}>\n                {{$index}}\n            </option>\n        {{/for}}\n    </select>\n    <select class=\"form-select form-select--date\" name=\"attribute[{{this.id}}][year]\" {{#if required}}required{{/if}}>\n        <option value=\"\">{{lang 'common.year'}}</option>\n        {{#for earliest_year latest_year}}\n            <option value=\"{{$index}}\" {{#if ../selected_date.year '==' $index}}selected=\"selected\"{{/if}}>\n                {{$index}}\n            </option>\n        {{/for}}\n    </select>\n</div>\n","components/products/options/input-checkbox":"<div class=\"form-field\" data-product-attribute=\"input-checkbox\">\n    <label class=\"form-label form-label--alternate form-label--inlineSmall\">\n       {{#if required}}\n            <small>{{lang 'common.required'}}</small>\n        {{/if}}\n        {{ this.display_name }}:\n    </label>\n\n    <input\n        class=\"form-checkbox\"\n        type=\"checkbox\"\n        name=\"attribute[{{id}}]\"\n        id=\"attribute-{{id}}\"\n        value=\"{{value}}\"\n        {{#if checked}}checked{{/if}}\n        {{#if required}}required{{/if}}>\n\n    <label class=\"form-label {{class}}\" for=\"attribute-{{id}}\">{{label}}</label>\n</div>\n","components/products/options/input-file":"<div class=\"form-field\" data-product-attribute=\"input-file\">\n    <label class=\"form-label form-label--alternate form-label--inlineSmall\" for=\"attribute_{{id}}\">\n        {{ this.display_name }}:\n\n        {{#if required}}\n            <small>{{lang 'common.required'}}</small>\n        {{/if}}\n    </label>\n\n    <input class=\"form-file\" type=\"file\" id=\"attribute_{{id}}\" name=\"attribute[{{this.id}}]\" data-multiple-caption=\"{count} files selected\" multiple />\n    <label for=\"form-file\">Choose a file</label>\n    {{#if original_name}}\n        {{{lang 'products.file_option_set' url=file_url name=original_name}}}\n        <label>{{lang 'cart.remove_file'}}<input type=\"checkbox\" name=\"{{file_remove}}\"></label>\n    {{/if}}\n\n    <p class=\"form-fileDescription\">{{#if file_size}}{{lang 'products.max_filesize'}} <strong>{{file_size}}</strong>, {{/if}}{{#if file_types}}{{lang 'products.filetypes'}} <strong>{{file_types}}</strong>{{/if}}</p>\n\n</div>\n\n<script>\nvar inputs = document.querySelectorAll( 'input.form-file' );\nArray.prototype.forEach.call( inputs, function( input )\n{\n    var label    = input.nextElementSibling,\n        labelVal = label.innerHTML;\n\n    input.addEventListener( 'change', function( e )\n    {\n        var fileName = '';\n        if( this.files && this.files.length > 1 )\n            fileName = ( this.getAttribute( 'data-multiple-caption' ) || '' ).replace( '{count}', this.files.length );\n        else\n            fileName = e.target.value.split( '\\\\' ).pop();\n\n        if( fileName )\n            label.querySelector( 'span' ).innerHTML = fileName;\n        else\n            label.innerHTML = labelVal;\n    });\n});\n</script>\n","components/products/options/input-numbers":"<div class=\"form-field\" data-product-attribute=\"input-number\">\n    <label class=\"form-label form-label--alternate form-label--inlineSmall\" for=\"attribute_{{id}}\">\n        {{#if required}}\n            <small>{{lang 'common.required'}}</small>\n        {{/if}}\n        {{ this.display_name }}:\n    </label>\n\n    <input class=\"form-input\" type=\"number\" id=\"attribute_{{id}}\" {{#unless this.integer_only}}step=\"any\"{{/unless}} name=\"attribute[{{this.id}}]\" value=\"{{this.prefill}}\" {{#if required}}required{{/if}}>\n</div>\n","components/products/options/input-text":"<div class=\"form-field\" data-product-attribute=\"input-text\">\n    <label class=\"form-label form-label--alternate form-label--inlineSmall\" for=\"attribute_{{id}}\">\n        {{#if required}}\n            <small>{{lang 'common.required'}}</small>\n        {{/if}}\n        {{ this.display_name }}:\n    </label>\n\n    <input class=\"form-input form-input--small\" type=\"text\" id=\"attribute_{{id}}\" name=\"attribute[{{this.id}}]\" value=\"{{this.prefill}}\" {{#if required}}required{{/if}}>\n</div>\n","components/products/options/product-list":"<div class=\"form-field\" data-product-attribute=\"product-list\">\n    <label class=\"form-label form-label--alternate form-label--inlineSmall\">\n        {{display_name}}:\n        <span data-option-value></span>\n\n        {{#if required}}\n            <small>{{lang 'common.required'}}</small>\n        {{/if}}\n    </label>\n\n    {{#if values.0.image}}\n        <ul class=\"productOptions-list\">\n            {{#unless required}}\n                <li class=\"productOptions-list-item\">\n                    <input class=\"form-radio\"\n                           type=\"radio\"\n                           name=\"attribute[{{id}}]\"\n                           value=\"0\"\n                           id=\"attribute_productlist_0_{{id}}\"\n                           checked=\"{{#if defaultValue '==' 0}}checked{{/if}}\" required>\n                    <label class=\"form-label\" for=\"attribute_productlist_0_{{id}}\">{{lang 'products.none'}}</label>\n                </li>\n            {{/unless}}\n            {{#each values}}\n                <li class=\"productOptions-list-item\" data-product-attribute-value=\"{{id}}\">\n                    {{#if image}}\n                        <figure class=\"productOptions-list-item-figure\">\n                            <img class=\"productOptions-list-item-image lazyload\" data-sizes=\"auto\" src=\"{{cdn 'img/loading.svg'}}\" data-src=\"{{getImage image 'productthumb_size'}}\" alt=\"{{image.alt}}\" title=\"{{image.alt}}\">\n                        </figure>\n                    {{/if}}\n                    <div class=\"productOptions-list-item-content\">\n                        <input\n                            class=\"form-radio\"\n                            type=\"radio\"\n                            name=\"attribute[{{../id}}]\"\n                            value=\"{{id}}\"\n                            id=\"attribute_productlist_{{id}}\"\n                            {{#if selected}}\n                                checked\n                                data-default\n                            {{/if}}\n                            {{#if ../required}}required{{/if}}>\n                        <label data-product-attribute-value=\"{{id}}\" class=\"form-label\" for=\"attribute_productlist_{{id}}\">{{label}}</label>\n                    </div>\n                </li>\n            {{/each}}\n        </ul>\n    {{else}}\n        {{#unless required}}\n        <input class=\"form-radio\"\n               type=\"radio\"\n               name=\"attribute[{{id}}]\"\n               value=\"0\"\n               id=\"attribute_productlist_0_{{id}}\"\n               {{#if defaultValue '==' 0}}checked{{/if}}>\n        <label class=\"form-label\" for=\"attribute_productlist_0_{{id}}\">{{lang 'products.none'}}</label>\n        {{/unless}}\n        {{#each values}}\n            <input\n                class=\"form-radio\"\n                type=\"radio\"\n                name=\"attribute[{{../id}}]\"\n                value=\"{{id}}\"\n                id=\"attribute_productlist_{{id}}\"\n                {{#if selected}}checked{{/if}}\n                {{#if ../required}}required{{/if}}>\n            <label data-product-attribute-value=\"{{id}}\" class=\"form-label\" for=\"attribute_productlist_{{id}}\">{{label}}</label>\n        {{/each}}\n    {{/if}}\n</div>\n","components/products/options/set-radio":"<div class=\"form-field\" data-product-attribute=\"set-radio\">\n    <label class=\"form-label form-label--alternate form-label--inlineSmall\">\n        {{#if required}}\n            <small>{{lang 'common.required'}}</small>\n        {{/if}}\n        {{ this.display_name }}:\n    </label>\n\n    {{#each this.values}}\n        <input\n            class=\"form-radio\"\n            type=\"radio\"\n            id=\"attribute_{{id}}\"\n            name=\"attribute[{{../id}}]\"\n            value=\"{{id}}\"\n            {{#if selected}}checked{{/if}}\n            {{#if ../required}}required{{/if}}>\n        <label data-product-attribute-value=\"{{id}}\" class=\"form-label\" for=\"attribute_{{id}}\">{{this.label}}</label>\n    {{/each}}\n</div>\n","components/products/options/set-rectangle":"<div class=\"form-field\" data-product-attribute=\"set-rectangle\">\n    <label class=\"form-label form-label--alternate form-label--inlineSmall\">\n        {{#if required}}\n            <small>{{lang 'common.required'}}</small>\n        {{/if}}\n        {{ this.display_name }}:\n    </label>\n\n    <div class=\"options-container\">\n    {{#each this.values}}\n        <input\n            class=\"form-radio\"\n            type=\"radio\"\n            id=\"attribute_{{id}}\"\n            name=\"attribute[{{../id}}]\"\n            value=\"{{id}}\"\n            {{#if selected}}checked{{/if}}\n            {{#if ../required}}required{{/if}}>\n\n        <label class=\"form-option\" for=\"attribute_{{id}}\" data-product-attribute-value=\"{{id}}\">\n            <span class=\"form-option-variant\">{{this.label}}</span>\n        </label>\n    {{/each}}\n    </div>\n</div>\n","components/products/options/set-select":"<div class=\"form-field\" data-product-attribute=\"set-select\">\n    <label class=\"form-label form-label--alternate form-label--inlineSmall\" for=\"attribute_{{id}}\">\n        {{#if required}}\n            <small>{{lang 'common.required'}}</small>\n        {{/if}}\n        {{ this.display_name }}:\n    </label>\n\n    <select class=\"form-select form-select--small\" name=\"attribute[{{this.id}}]\" id=\"attribute_{{id}}\" {{#if required}}required{{/if}}>\n        <option value=\"\">{{lang 'products.choose_options'}}</option>\n        {{#each this.values}}\n            <option data-product-attribute-value=\"{{id}}\" value=\"{{id}}\" {{#if selected}}selected{{/if}}>{{label}}</option>\n        {{/each}}\n    </select>\n</div>\n","components/products/options/swatch":"<div class=\"form-field swatch\" data-product-attribute=\"swatch\">\n    <label class=\"form-label form-label--alternate form-label--inlineSmall\">\n        <span data-option-value></span>\n        {{#if required}}\n            <small>{{lang 'common.required'}}</small>\n        {{/if}}\n        {{this.display_name}}:\n    </label>\n\n    {{#each this.values}}\n        <input class=\"form-radio\" type=\"radio\" name=\"attribute[{{../id}}]\" value=\"{{id}}\" id=\"attribute_{{id}}\" {{#if selected}}checked{{/if}} {{#if ../required}}required{{/if}}>\n        <label class=\"form-option form-option-swatch\" for=\"attribute_{{id}}\" data-product-attribute-value=\"{{id}}\">\n            {{#if image}}\n                <span class='form-option-variant form-option-variant--pattern' title=\"{{this.label}}\" style=\"background-image: url('{{getImage image \"swatch_option_size\"}}');\"></span>\n            {{/if}}\n            {{#if data.[2]}}\n                <span class='form-option-variant form-option-variant--color' title=\"{{this.label}}\" style=\"background-color: #{{data.[0]}}\"></span>\n                <span class='form-option-variant form-option-variant--color' title=\"{{this.label}}\" style=\"background-color: #{{data.[1]}}\"></span>\n                <span class='form-option-variant form-option-variant--color' title=\"{{this.label}}\" style=\"background-color: #{{data.[2]}}\"></span>\n            {{else}}\n                {{#if data.[1]}}\n                    <span class='form-option-variant form-option-variant--color' title=\"{{this.label}}\" style=\"background-color: #{{data.[0]}}\"></span>\n                    <span class='form-option-variant form-option-variant--color' title=\"{{this.label}}\" style=\"background-color: #{{data.[1]}}\"></span>\n                {{else}}\n                    {{#if data.[0]}}\n                        <span class='form-option-variant form-option-variant--color' title=\"{{this.label}}\" style=\"background-color: #{{data.[0]}}\"></span>\n                    {{/if}}\n                {{/if}}\n            {{/if}}\n            {{#if pattern}}\n                <span class=\"form-option-expanded\">\n                    <span class=\"form-option-image\" style=\"background-image: url('{{getImage image 'core-swatch'}}');\"></span>\n                </span>\n            {{/if}}\n        </label>\n    {{/each}}\n</div>\n","components/products/options/textarea":"<div class=\"form-field\" data-product-attribute=\"textarea\">\n    <label class=\"form-label form-label--alternate form-label--inlineSmall\" for=\"attribute_{{id}}\">\n        {{#if required}}\n            <small>{{lang 'common.required'}}</small>\n        {{/if}}\n        {{ this.display_name }}:\n    </label>\n\n    <textarea class=\"form-input\" id=\"attribute_{{id}}\" name=\"attribute[{{id}}]\" {{#if required}}required{{/if}}>\n        {{prefill}}\n    </textarea>\n</div>\n","components/products/card":"<article class=\"card  price-visibility\">\n\n\n        <figure class=\"card-figure\">\n                {{#or price.non_sale_price_with_tax price.non_sale_price_without_tax}}\n                        {{#if theme_settings.product_sale_badges '===' 'sash'}}\n                            <div class=\"sale-flag-sash\">\n                                <span class=\"sale-text\">SALE</span>\n                            </div>\n                        {{else if theme_settings.product_sale_badges '===' 'topleft'}}\n                            <div class=\"sale-flag-side\">\n                                <span class=\"sale-text\">SALE</span>\n                            </div>\n                        {{else if theme_settings.product_sale_badges '===' 'burst'}}\n                            <div class=\"starwrap\">\n                                <div class=\"sale-text-burst\">SALE</div>\n                                <div class=\"sale-flag-star\"></div>\n                            </div>\n                        {{/if}}\n                    {{/or}}\n                    <a href=\"{{url}}\">\n            \n                      <img class='card-image main' src=\"{{getImage image 'productgallery_size' (cdn theme_settings.default_image_product)}}\" alt=\"{{image.alt}}\" title=\"{{image.alt}}\">\n                        {{#if theme_settings.product_hover_images '===' 'active'}}\n                          {{#each (limit images 2)}}\n                            {{#if @index '>' 0}}\n                              <img class='card-image alt' src=\"{{getImage this 'productgallery_size' (cdn theme_settings.default_image_product)}}\" alt=\"{{this.alt}}\" title=\"{{this.alt}}\">\n                            {{/if}}\n                          {{/each}}\n                        {{/if}}\n            \n                            <!-- <img class=\"card-image lazyload\" data-sizes=\"auto\" src=\"{{cdn 'img/loading.svg'}}\" data-src=\"{{getImage image 'productgallery_size' (cdn theme_settings.default_image_product)}}\" alt=\"{{image.alt}}\" title=\"{{image.alt}}\"> -->\n            \n                    </a>\n                    <figcaption class=\"card-figcaption\">\n                        <div class=\"card-figcaption-body\">\n                          {{#unless hide_product_quick_view}}\n                              {{#if theme_settings.show_product_quick_view}}\n                                  {{#unless demo}}\n                                      <a href=\"#\" class=\"button button--small card-figcaption-button quickview\" data-product-id=\"{{id}}\">{{lang 'products.quick_view'}}</a>\n                                  {{/unless}}\n                              {{/if}}\n                          {{/unless}}\n                        </div>\n                    </figcaption>\n                </figure>\n            \n\n    \n\n\n\n\n    <div class=\"card-body purchase-ability withoutTax\" data-test-info-type=\"price\">\n        <h4 class=\"card-title\">\n\n                <a href=\"{{url}}\">{{name}}</a>\n\n        </h4>\n\n<!-- pricing location         -->\n\n<div class=\"card-text\" data-test-info-type=\"price\">\n        {{#or customer (if theme_settings.restrict_to_login '!==' true)}}\n            {{> components/products/price price=price}}\n        {{else}}\n            {{> components/common/login-for-pricing}}\n        {{/or}}\n    </div>\n\n<!-- end pricing -->\n\n\n<!-- rating -->\n\n<p class=\"card-text\" data-test-info-type=\"productRating\">\n\n        {{#and rating show_rating}}\n                <span class=\"rating--small\">\n                    {{> components/products/ratings rating=rating}}\n                </span>\n            \n        {{/and}}\n</p>\n<!-- end rating -->\n\n\n\n\n\n\n<!-- snippet location product button -->\n\n\n\n{{#if show_cart_action}}\n{{#if has_options}}\n    <a href=\"{{url}}\" data-event-type=\"product-click\" class=\"button button--small card-figcaption-button\" data-product-id=\"{{id}}\">{{lang 'products.choose_options'}}</a>\n{{/if}}\n{{#if pre_order}}\n    <a href=\"{{pre_order_add_to_cart_url}}\" data-event-type=\"product-click\" class=\"button button--small card-figcaption-button\">{{lang 'products.pre_order'}}</a>\n{{/if}}\n{{#if add_to_cart_url }}\n    <a href=\"{{add_to_cart_url}}\" data-event-type=\"product-click\" class=\"button button--small card-figcaption-button\">{{lang 'products.add_to_cart'}}</a>\n{{/if}}\n{{#if out_of_stock_message }}\n    <a href=\"{{url}}\" data-event-type=\"product-click\" class=\"button button--small card-figcaption-button\" data-product-id=\"{{id}}\">{{out_of_stock_message}}</a>\n{{/if}}\n\n\n{{/if}}\n\n\n\n{{#if  price.without_tax.value  '==' null }}\n\n<div id=\"card-bottom-align\"></div>\n\n<!-- input gaq button -->\n<a href=\"{{url}}\"  class=\"button button--small card-figcaption-button\" data-product-id=\"{{id}}\">Request A Quote</a>\n\n\n{{/if}}\n\n\n\n\n</article>\n\n\n\n\n\n<script>\n  \n    // this is excellent\n  console.log({{{JSONstringify price.without_tax}}});\n  console.log({{{JSONstringify price.without_tax.value}}});\n\n  console.log(4);\n  </script>\n","components/common/forms/text":"<div class=\"form-field\" id=\"{{id}}\" data-validation=\"{{validation}}\" {{#if private_id}}data-type=\"{{private_id}}\"{{/if}}>\n    <label class=\"form-label\" for=\"{{id}}_input\">{{#if required}}<small class=\"required\">*</small>{{/if}}{{label}}\n    </label>\n    <input type=\"text\" id=\"{{id}}_input\" data-label=\"{{label}}\" name=\"{{name}}\" {{#if value}} value=\"{{value}}\"{{/if}} class=\"form-input\" aria-required=\"{{required}}\" {{#if private_id}}data-field-type=\"{{private_id}}\"{{/if}}>\n</div>\n","components/common/forms/multiline":"<div class=\"form-field\" id=\"{{id}}\" data-validation=\"{{validation}}\">\n    <label class=\"form-label\" for=\"{{id}}_input\">{{#if required}}<small class=\"required\">*</small>{{/if}}{{label}}\n    </label>\n    <textarea name=\"{{name}}\" id=\"{{id}}_input\" data-label=\"{{label}}\" rows=\"{{rows}}\" aria-required=\"{{required}}\" class=\"form-input\" {{#if private_id}}data-field-type=\"{{private_id}}\"{{/if}}>{{value}}</textarea>\n</div>\n","components/common/paginator":"<div class=\"pagination top\">\n    <ul class=\"pagination-list\">\n        {{#if previous}}\n            <li class=\"pagination-item pagination-item--previous\">\n                <a class=\"pagination-link\" href=\"{{previous}}\" {{#unless reload}}data-faceted-search-facet{{/unless}}>\n                    <i class=\"icon\" aria-hidden=\"true\">\n                        <svg>\n                            <use xmlns:xlink=\"http://www.w3.org/1999/xlink\" xlink:href=\"#icon-chevron-left\"></use>\n                        </svg>\n                    </i>\n                    {{lang 'common.previous'}}\n                </a>\n            </li>\n        {{/if}}\n        {{#each links}}\n            {{#if this.number '==' ../current}}\n                <li class=\"pagination-item pagination-item--current\">\n                    <a class=\"pagination-link\" href=\"{{this.url}}\" {{#unless reload}}data-faceted-search-facet{{/unless}}>{{this.number}}</a>\n                </li>\n            {{else}}\n                <li class=\"pagination-item\">\n                    <a class=\"pagination-link\" href=\"{{this.url}}\" {{#unless reload}}data-faceted-search-facet{{/unless}}>{{this.number}}</a>\n                </li>\n            {{/if}}\n        {{/each}}\n\n        {{#if next}}\n            <li class=\"pagination-item pagination-item--next\">\n                <a class=\"pagination-link\" href=\"{{next}}\" {{#unless reload}}data-faceted-search-facet{{/unless}}>\n                    {{lang 'common.next'}}\n                    <i class=\"icon\" aria-hidden=\"true\">\n                        <svg>\n                            <use xmlns:xlink=\"http://www.w3.org/1999/xlink\" xlink:href=\"#icon-chevron-right\"></use>\n                        </svg>\n                    </i>\n                </a>\n            </li>\n        {{/if}}\n    </ul>\n</div>\n\n<div class=\"pagination bottom\">\n    <ul class=\"pagination-list\">\n        {{#if previous}}\n            <li class=\"pagination-item pagination-item--previous\">\n                <a class=\"pagination-link\" href=\"{{previous}}\" {{#unless reload}}data-faceted-search-facet{{/unless}}>\n                    <i class=\"icon\" aria-hidden=\"true\">\n                        <svg>\n                            <use xmlns:xlink=\"http://www.w3.org/1999/xlink\" xlink:href=\"#icon-chevron-left\"></use>\n                        </svg>\n                    </i>\n                    {{lang 'common.previous'}}\n                </a>\n            </li>\n        {{/if}}\n        {{#each links}}\n            {{#if this.number '==' ../current}}\n                <li class=\"pagination-item pagination-item--current\">\n                    <a class=\"pagination-link\" href=\"{{this.url}}\" {{#unless reload}}data-faceted-search-facet{{/unless}}>{{this.number}}</a>\n                </li>\n            {{else}}\n                <li class=\"pagination-item\">\n                    <a class=\"pagination-link\" href=\"{{this.url}}\" {{#unless reload}}data-faceted-search-facet{{/unless}}>{{this.number}}</a>\n                </li>\n            {{/if}}\n        {{/each}}\n\n        {{#if next}}\n            <li class=\"pagination-item pagination-item--next\">\n                <a class=\"pagination-link\" href=\"{{next}}\" {{#unless reload}}data-faceted-search-facet{{/unless}}>\n                    {{lang 'common.next'}}\n                    <i class=\"icon\" aria-hidden=\"true\">\n                        <svg>\n                            <use xmlns:xlink=\"http://www.w3.org/1999/xlink\" xlink:href=\"#icon-chevron-right\"></use>\n                        </svg>\n                    </i>\n                </a>\n            </li>\n        {{/if}}\n    </ul>\n</div>\n\n<script\n  src=\"https://code.jquery.com/jquery-3.3.1.min.js\"\n  integrity=\"sha256-FgpCb/KJQlLNfOu91ta32o/NMZxltwRo8QtmkMRdAu8=\"\n  crossorigin=\"anonymous\">\n</script>\n\n<script>\n$( document ).ready(function() {\n$('span.custom-checkbox').on ('click', function() {\n    $(this).toggleClass('selected');\n\t\t$('span.custom-checkbox input').attr('checked', false);\n});\n});\n</script>\n\n<script>\n$( document ).ready(function() {\n\t$('span.custom-checkbox').on ('click', function() {\n\t$('span.custom-checkbox.selected input').attr('checked', true);\n});\n});\n</script>\n\n\n<script src=\"https://cdnjs.cloudflare.com/ajax/libs/pace/1.0.2/pace.min.js\"></script>\n<script>\n$( document ).ready(function() {\n$(\"a.pagination-link\").on ('click', function() {\n\tif ( $( '.toggle-link.grid' ).hasClass( \"active\" ) ) {\n\tPace.on('done', function() {\n  \t$('.toggle-link.grid').trigger(\"click\");\n\t\t$('ul.productGrid').addClass('visible');\n\t\t$('ul.productList').removeClass('visible');\n    // $('html,body').animate({\n    //             scrollTop: $(\"main.page-content\").offset().top-50\n    //           }, 200);\n\t\t});\n\t}\n});\n\n$(\"a.pagination-link\").on ('click', function() {\n\tif ( $( '.toggle-link.list' ).hasClass( \"active\" ) ) {\n\tPace.on('done', function() {\n  \t$('.toggle-link.list').trigger(\"click\");\n\t\t$('ul.productGrid').removeClass('visible');\n\t\t$('ul.productList').addClass('visible');\n    // $('html,body').animate({\n    //             scrollTop: $(\"main.page-content\").offset().top-50\n    //           }, 200);\n\t\t});\n\t}\n});\n});\n\n$('div#facetedSearch-navList a').on ('click', function() {\n  Pace.on('done', function() {\n    // $('html,body').animate({\n    //             scrollTop: $(\"main.page-content\").offset().top-50\n    //           }, 200);\n  });\n});\n</script>\n"}