{"components/products/tabs":"<div style=\"display: none;\">\n<ul class=\"tabs\" data-tab role=\"tablist\">\n    {{#if product.related_products}}\n        <li class=\"tab is-active\" role=\"presentational\">\n            <a class=\"tab-title\" href=\"#tab-related\" role=\"tab\" tabindex=\"0\" aria-selected=\"true\" controls=\"tab-related\">{{lang 'products.related_products'}}</a>\n        </li>\n    {{/if}}\n    {{#if product.similar_by_views}}\n        <li class=\"tab{{#unless product.related_products}} is-active{{/unless}}\" role=\"presentational\">\n            <a class=\"tab-title\" href=\"#tab-similar\" role=\"tab\" tabindex=\"0\" aria-selected=\"false\" controls=\"tab-similar\">{{lang 'products.similar_by_views'}}</a>\n        </li>\n    {{/if}}\n</ul>\n\n<div class=\"tabs-contents\">\n{{#if product.related_products}}\n    <div role=\"tabpanel\" aria-hidden=\"false\" class=\"tab-content has-jsContent is-active\" id=\"tab-related\">\n        {{> components/products/carousel products=product.related_products columns=6}}\n    </div>\n{{/if}}\n\n{{#if product.similar_by_views}}\n    <div role=\"tabpanel\" aria-hidden=\"true\" class=\"tab-content has-jsContent{{#unless product.related_products}} is-active{{/unless}}\" id=\"tab-similar\">\n        {{> components/products/carousel products=product.similar_by_views columns=6}}\n    </div>\n{{/if}}\n\n\n{{#if product.videos.list.length}}\n    <div role=\"tabpanel\" aria-hidden=\"true\" class=\"tab-content has-jsContent{{#unless product.related_products}} is-active{{/unless}}\" id=\"tab-similar\">\n        {{> components/products/videos product.videos}}\n    </div>\n{{/if}}\n\n\n</div>\n</div>\n","components/products/carousel":"<section class=\"productCarousel\"\n    data-slick='{\n        \"dots\": true,\n        \"infinite\": false,\n        \"mobileFirst\": true,\n        \"slidesToShow\": 2,\n        \"slidesToScroll\": 2,\n        \"responsive\": [\n            {\n                \"breakpoint\": 1260,\n                \"settings\": {\n                    \"slidesToScroll\": 3,\n                    \"slidesToShow\": {{ columns }}\n                }\n            },\n            {\n                \"breakpoint\": 800,\n                \"settings\": {\n                    \"slidesToScroll\": 3,\n                    \"slidesToShow\": 5\n                }\n            },\n            {\n                \"breakpoint\": 550,\n                \"settings\": {\n                    \"slidesToScroll\": 3,\n                    \"slidesToShow\": 3\n                }\n            }\n        ]\n    }'\n>\n    {{#each products}}\n    <div class=\"productCarousel-slide\">\n        {{>components/products/card show_compare=../show_compare show_rating=../settings.show_product_rating theme_settings=../theme_settings customer=../customer}}\n    </div>\n    {{/each}}\n</section>\n","components/products/videos":"<section class=\"toggle videoGallery\" data-video-gallery>\n    <h4 class=\"toggle-title\">\n        {{lang 'products.videos.header'}}\n        <a href=\"#videoGallery-content\" class=\"toggleLink is-open\" data-collapsible>\n            <span class=\"toggleLink-text toggleLink-text--on\">\n                {{lang 'products.videos.hide'}}\n            </span>\n            <span class=\"toggleLink-text toggleLink-text--off\">\n                {{lang 'products.videos.show'}}\n            </span>\n        </a>\n    </h4>\n\n    <div class=\"toggle-content is-open\" id=\"videoGallery-content\">\n        <div class=\"videoGallery-main\">\n            <iframe\n                id=\"player\"\n                type=\"text/html\"\n                width=\"640\"\n                height=\"390\"\n                frameborder=\"0\"\n                webkitAllowFullScreen\n                mozallowfullscreen\n                allowFullScreen\n                src=\"//www.youtube.com/embed/{{this.featured.id}}\"\n                data-video-player>\n            </iframe>\n        </div>\n        <ul class=\"videoGallery-list\">\n        {{#each this.list}}\n            <li class=\"videoGallery-item\">\n                <a href=\"#\" class=\"video {{#if @first}}is-active{{/if}}\" data-video-item data-video-id=\"{{id}}\">\n                    <div class=\"video-figure\">\n                        <img class=\"lazyload\" data-sizes=\"auto\" src=\"{{cdn 'img/loading.svg'}}\" data-src=\"//i.ytimg.com/vi/{{id}}/default.jpg\"/>\n                    </div>\n                    <div class=\"video-body\">\n                        <h5 class=\"video-title\">{{title_long}}</h5>\n                        <p class=\"video-description\">{{description_short}}</p>\n                    </div>\n                </a>\n            </li>\n        {{/each}}\n        </ul>\n    </div>\n\n</section>\n","components/products/card":"<article class=\"card  price-visibility\">\n\n\n        <figure class=\"card-figure\">\n                {{#or price.non_sale_price_with_tax price.non_sale_price_without_tax}}\n                        {{#if theme_settings.product_sale_badges '===' 'sash'}}\n                            <div class=\"sale-flag-sash\">\n                                <span class=\"sale-text\">SALE</span>\n                            </div>\n                        {{else if theme_settings.product_sale_badges '===' 'topleft'}}\n                            <div class=\"sale-flag-side\">\n                                <span class=\"sale-text\">SALE</span>\n                            </div>\n                        {{else if theme_settings.product_sale_badges '===' 'burst'}}\n                            <div class=\"starwrap\">\n                                <div class=\"sale-text-burst\">SALE</div>\n                                <div class=\"sale-flag-star\"></div>\n                            </div>\n                        {{/if}}\n                    {{/or}}\n                    <a href=\"{{url}}\">\n            \n                      <img class='card-image main' src=\"{{getImage image 'productgallery_size' (cdn theme_settings.default_image_product)}}\" alt=\"{{image.alt}}\" title=\"{{image.alt}}\">\n                        {{#if theme_settings.product_hover_images '===' 'active'}}\n                          {{#each (limit images 2)}}\n                            {{#if @index '>' 0}}\n                              <img class='card-image alt' src=\"{{getImage this 'productgallery_size' (cdn theme_settings.default_image_product)}}\" alt=\"{{this.alt}}\" title=\"{{this.alt}}\">\n                            {{/if}}\n                          {{/each}}\n                        {{/if}}\n            \n                            <!-- <img class=\"card-image lazyload\" data-sizes=\"auto\" src=\"{{cdn 'img/loading.svg'}}\" data-src=\"{{getImage image 'productgallery_size' (cdn theme_settings.default_image_product)}}\" alt=\"{{image.alt}}\" title=\"{{image.alt}}\"> -->\n            \n                    </a>\n                    <figcaption class=\"card-figcaption\">\n                        <div class=\"card-figcaption-body\">\n                          {{#unless hide_product_quick_view}}\n                              {{#if theme_settings.show_product_quick_view}}\n                                  {{#unless demo}}\n                                      <a href=\"#\" class=\"button button--small card-figcaption-button quickview\" data-product-id=\"{{id}}\">{{lang 'products.quick_view'}}</a>\n                                  {{/unless}}\n                              {{/if}}\n                          {{/unless}}\n                        </div>\n                    </figcaption>\n                </figure>\n            \n\n    \n\n\n\n\n    <div class=\"card-body purchase-ability withoutTax\" data-test-info-type=\"price\">\n        <h4 class=\"card-title\">\n\n                <a href=\"{{url}}\">{{name}}</a>\n\n        </h4>\n\n<!-- pricing location         -->\n\n<div class=\"card-text\" data-test-info-type=\"price\">\n        {{#or customer (if theme_settings.restrict_to_login '!==' true)}}\n            {{> components/products/price price=price}}\n        {{else}}\n            {{> components/common/login-for-pricing}}\n        {{/or}}\n    </div>\n\n<!-- end pricing -->\n\n\n<!-- rating -->\n\n<p class=\"card-text\" data-test-info-type=\"productRating\">\n\n        {{#and rating show_rating}}\n                <span class=\"rating--small\">\n                    {{> components/products/ratings rating=rating}}\n                </span>\n            \n        {{/and}}\n</p>\n<!-- end rating -->\n\n\n\n\n\n\n<!-- snippet location product button -->\n\n\n\n{{#if show_cart_action}}\n{{#if has_options}}\n    <a href=\"{{url}}\" data-event-type=\"product-click\" class=\"button button--small card-figcaption-button\" data-product-id=\"{{id}}\">{{lang 'products.choose_options'}}</a>\n{{/if}}\n{{#if pre_order}}\n    <a href=\"{{pre_order_add_to_cart_url}}\" data-event-type=\"product-click\" class=\"button button--small card-figcaption-button\">{{lang 'products.pre_order'}}</a>\n{{/if}}\n{{#if add_to_cart_url }}\n    <a href=\"{{add_to_cart_url}}\" data-event-type=\"product-click\" class=\"button button--small card-figcaption-button\">{{lang 'products.add_to_cart'}}</a>\n{{/if}}\n{{#if out_of_stock_message }}\n    <a href=\"{{url}}\" data-event-type=\"product-click\" class=\"button button--small card-figcaption-button\" data-product-id=\"{{id}}\">{{out_of_stock_message}}</a>\n{{/if}}\n\n\n{{/if}}\n\n\n\n{{#if  price.without_tax.value  '==' null }}\n\n<div id=\"card-bottom-align\"></div>\n\n<!-- input gaq button -->\n<a href=\"{{url}}\"  class=\"button button--small card-figcaption-button\" data-product-id=\"{{id}}\">Request A Quote</a>\n\n\n{{/if}}\n\n\n\n\n</article>\n\n\n\n\n\n<script>\n  \n    // this is excellent\n  console.log({{{JSONstringify price.without_tax}}});\n  console.log({{{JSONstringify price.without_tax.value}}});\n\n  console.log(4);\n  </script>\n","components/products/price":"{{#or has_options product.options.length}}\n    {{#if price.with_tax}}\n        <div class=\"price-section price-section--withTax\" {{#if schema_org}}itemprop=\"offers\" itemscope itemtype=\"http://schema.org/Offer\"{{/if}}>\n            {{#if price.rrp_with_tax}}\n                <span data-product-rrp-with-tax class=\"price price--rrp\">{{price.rrp_with_tax.formatted}}</span>\n            {{/if}}\n            {{#if page_type '!==' 'product'}}\n                {{#if theme_settings.price_as_low_as}}\n                    <span translate>As low as </span>\n                {{/if}}\n            {{/if}}\n            <span data-product-price-with-tax class=\"price\">{{price.with_tax.formatted}}</span>\n            {{#if price.without_tax}}\n                {{lang 'products.price_with_tax' tax_label=price.tax_label}}\n            {{/if}}\n        </div>\n    {{/if}}\n    {{#if price.without_tax}}\n        <div class=\"price-section price-section--withoutTax {{#if price.with_tax}}price-section--minor{{/if}}\"  {{#if schema_org}}itemprop=\"offers\" itemscope itemtype=\"http://schema.org/Offer\"{{/if}}>\n            {{#if price.rrp_without_tax}}\n                <span data-product-rrp-without-tax class=\"price price--rrp\">{{price.rrp_without_tax.formatted}}</span>\n            {{/if}}\n            {{#if schema_org}}\n                <meta itemprop=\"price\" content=\"{{price.without_tax.value}}\">\n                <meta itemprop=\"priceCurrency\" content=\"{{currency_selector.active_currency_code}}\">\n                <meta itemprop=\"availability\" content=\"{{product.availability}}\">\n                <meta itemprop=\"itemCondition\" itemtype=\"http://schema.org/OfferItemCondition\" content=\"http://schema.org/{{product.condition}}Condition\">\n            {{/if}}\n            {{#if page_type '!==' 'product'}}\n                {{#if theme_settings.price_as_low_as}}\n                    <span translate>As low as </span>\n                {{/if}}\n            {{/if}}\n            <span data-product-price-without-tax class=\"price price--withoutTax\">{{price.without_tax.formatted}}</span>\n            {{#if price.with_tax}}\n                <abbr title=\"{{lang 'products.excluding_tax'}}\">{{lang 'products.price_without_tax' tax_label=price.tax_label}}</abbr>\n            {{/if}}\n        </div>\n    {{/if}}\n    {{#if page_type '===' 'product'}}\n        {{#if price.saved}}\n            <div class=\"price-section price-section--saving\">\n                <span class=\"price\">\n                    {{lang 'products.you_save' amount=price.saved.formatted}}\n                </span>\n            </div>\n        {{/if}}\n    {{/if}}\n{{else}}\n    {{#if price.with_tax}}\n        <div class=\"price-section price-section--withTax\" {{#if schema_org}}itemprop=\"offers\" itemscope itemtype=\"http://schema.org/Offer\"{{/if}}>\n            {{#if price.rrp_with_tax}}\n                <span data-product-rrp-with-tax class=\"price price--rrp\">{{price.rrp_with_tax.formatted}}</span>\n            {{/if}}\n            <span data-product-price-with-tax class=\"price\">{{price.with_tax.formatted}}</span>\n            {{#if price.without_tax}}\n                {{lang 'products.price_with_tax' tax_label=price.tax_label}}\n            {{/if}}\n        </div>\n    {{/if}}\n    {{#if price.without_tax}}\n        <div class=\"price-section price-section--withoutTax {{#if price.with_tax}}price-section--minor{{/if}}\"  {{#if schema_org}}itemprop=\"offers\" itemscope itemtype=\"http://schema.org/Offer\"{{/if}}>\n            {{#if price.rrp_without_tax}}\n                <span data-product-rrp-without-tax class=\"price price--rrp\">{{price.rrp_without_tax.formatted}}</span>\n            {{/if}}\n            {{#if schema_org}}\n                <meta itemprop=\"price\" content=\"{{price.without_tax.value}}\">\n                <meta itemprop=\"priceCurrency\" content=\"{{currency_selector.active_currency_code}}\">\n            {{/if}}\n            <span data-product-price-without-tax class=\"price price--withoutTax\">{{price.without_tax.formatted}}</span>\n            {{#if price.with_tax}}\n                <abbr title=\"{{lang 'products.excluding_tax'}}\">{{lang 'products.price_without_tax' tax_label=price.tax_label}}</abbr>\n            {{/if}}\n        </div>\n    {{/if}}\n    {{#if page_type '===' 'product'}}\n        {{#if price.saved}}\n            <div class=\"price-section price-section--saving\">\n                <span class=\"price\">\n                    {{lang 'products.you_save' amount=price.saved.formatted}}\n                </span>\n            </div>\n        {{/if}}\n    {{/if}}\n{{/or}}\n","components/products/ratings":"{{#for 1 5}}\n    {{#if ../this.rating '>=' $index}}\n        <span class=\"icon icon--ratingFull\">\n            <svg>\n                <use xlink:href=\"#icon-star\" />\n            </svg>\n        </span>\n    {{else}}\n\n    {{/if}}\n{{/for}}\n{{{snippet 'product_rating'}}}\n","components/common/login-for-pricing":"<p translate>Log in for pricing</p>\n"}